-- MySQL Script generated by MySQL Workbench
-- Mon Oct  5 22:32:37 2020
-- Model: New Model    Version: 1.0
-- MySQL Workbench Forward Engineering

SET @OLD_UNIQUE_CHECKS=@@UNIQUE_CHECKS, UNIQUE_CHECKS=0;
SET @OLD_FOREIGN_KEY_CHECKS=@@FOREIGN_KEY_CHECKS, FOREIGN_KEY_CHECKS=0;
SET @OLD_SQL_MODE=@@SQL_MODE, SQL_MODE='ONLY_FULL_GROUP_BY,STRICT_TRANS_TABLES,NO_ZERO_IN_DATE,NO_ZERO_DATE,ERROR_FOR_DIVISION_BY_ZERO,NO_ENGINE_SUBSTITUTION';

-- -----------------------------------------------------
-- Schema asp16f
-- -----------------------------------------------------
DROP SCHEMA IF EXISTS `asp16f` ;

-- -----------------------------------------------------
-- Schema asp16f
-- -----------------------------------------------------
CREATE SCHEMA IF NOT EXISTS `asp16f` DEFAULT CHARACTER SET utf8 ;
SHOW WARNINGS;
USE `asp16f` ;

-- -----------------------------------------------------
-- Table `asp16f`.`petstore`
-- -----------------------------------------------------
DROP TABLE IF EXISTS `asp16f`.`petstore` ;

SHOW WARNINGS;
CREATE TABLE IF NOT EXISTS `asp16f`.`petstore` (
  `pst_id` SMALLINT UNSIGNED NOT NULL AUTO_INCREMENT,
  `pst_name` VARCHAR(30) NOT NULL,
  `pst_street` VARCHAR(30) NOT NULL,
  `pst_city` VARCHAR(30) NOT NULL,
  `pst state` CHAR(2) NOT NULL,
  `pst_zip` INT(9) NOT NULL,
  `pst_phone` BIGINT NOT NULL,
  `pst_email` VARCHAR(100) NOT NULL,
  `pst_url` VARCHAR(100) NOT NULL,
  `pst_ytd_sales` DECIMAL(10,2) NOT NULL,
  `pst_notes` VARCHAR(255) NULL,
  PRIMARY KEY (`pst_id`))
ENGINE = InnoDB;

SHOW WARNINGS;

-- -----------------------------------------------------
-- Table `asp16f`.`customer`
-- -----------------------------------------------------
DROP TABLE IF EXISTS `asp16f`.`customer` ;

SHOW WARNINGS;
CREATE TABLE IF NOT EXISTS `asp16f`.`customer` (
  `cus_id` SMALLINT UNSIGNED NOT NULL AUTO_INCREMENT,
  `cus_fname` VARCHAR(15) NOT NULL,
  `cus_lname` VARCHAR(30) NOT NULL,
  `cus_street` VARCHAR(30) NOT NULL,
  `cus_city` VARCHAR(30) NOT NULL,
  `cus_state` CHAR(2) NOT NULL,
  `cus_zip` INT NOT NULL,
  `cus_phone` BIGINT NOT NULL,
  `cus_email` VARCHAR(100) NOT NULL,
  `cus_balance` DECIMAL(6,2) NOT NULL,
  `cus_total_sales` DECIMAL(6,2) NOT NULL,
  `cus_notes` VARCHAR(255) NULL,
  PRIMARY KEY (`cus_id`))
ENGINE = InnoDB;

SHOW WARNINGS;

-- -----------------------------------------------------
-- Table `asp16f`.`pet`
-- -----------------------------------------------------
DROP TABLE IF EXISTS `asp16f`.`pet` ;

SHOW WARNINGS;
CREATE TABLE IF NOT EXISTS `asp16f`.`pet` (
  `pet_id` SMALLINT UNSIGNED NOT NULL AUTO_INCREMENT,
  `pst_id` SMALLINT UNSIGNED NOT NULL,
  `cus_id` SMALLINT UNSIGNED NULL,
  `pet_type` VARCHAR(45) NOT NULL,
  `pet_sex` ENUM('m', 'f') NOT NULL,
  `pet_cost` DECIMAL(6,2) NOT NULL,
  `pet_price` DECIMAL(6,2) NOT NULL,
  `pet_age` TINYINT NOT NULL,
  `pet_color` VARCHAR(30) NOT NULL,
  `pet_sale_date` DATE NULL,
  `pet_vaccine` ENUM('y', 'n') NOT NULL,
  `pet_neuter` ENUM('y', 'n') NOT NULL,
  `pet_notes` VARCHAR(45) NULL,
  PRIMARY KEY (`pet_id`),
  INDEX `fk_pet_petstore_idx` (`pst_id` ASC) VISIBLE,
  INDEX `fk_pet_customer1_idx` (`cus_id` ASC) VISIBLE,
  CONSTRAINT `fk_pet_petstore`
    FOREIGN KEY (`pst_id`)
    REFERENCES `asp16f`.`petstore` (`pst_id`)
    ON DELETE CASCADE
    ON UPDATE CASCADE,
  CONSTRAINT `fk_pet_customer1`
    FOREIGN KEY (`cus_id`)
    REFERENCES `asp16f`.`customer` (`cus_id`)
    ON DELETE CASCADE
    ON UPDATE CASCADE)
ENGINE = InnoDB;

SHOW WARNINGS;

SET SQL_MODE=@OLD_SQL_MODE;
SET FOREIGN_KEY_CHECKS=@OLD_FOREIGN_KEY_CHECKS;
SET UNIQUE_CHECKS=@OLD_UNIQUE_CHECKS;

-- -----------------------------------------------------
-- Data for table `asp16f`.`petstore`
-- -----------------------------------------------------
START TRANSACTION;
USE `asp16f`;
INSERT INTO `asp16f`.`petstore` (`pst_id`, `pst_name`, `pst_street`, `pst_city`, `pst state`, `pst_zip`, `pst_phone`, `pst_email`, `pst_url`, `pst_ytd_sales`, `pst_notes`) VALUES (1, 'Great Pet store', '123 Main Street', 'Tallahassee', 'FL', 32303, 5615982147, 'petstore@gmail.com', 'greatpetstore.com', 12500.01, NULL);
INSERT INTO `asp16f`.`petstore` (`pst_id`, `pst_name`, `pst_street`, `pst_city`, `pst state`, `pst_zip`, `pst_phone`, `pst_email`, `pst_url`, `pst_ytd_sales`, `pst_notes`) VALUES (2, 'Average pets', '213 Fleet Street', 'Tallahassee', 'FL', 32323, 67818468184, 'average@gmail.com', 'averagepets.com', 41200.01, NULL);
INSERT INTO `asp16f`.`petstore` (`pst_id`, `pst_name`, `pst_street`, `pst_city`, `pst state`, `pst_zip`, `pst_phone`, `pst_email`, `pst_url`, `pst_ytd_sales`, `pst_notes`) VALUES (3, 'Okay Petstore', '414 Name Street', 'Tallahassee', 'FL', 32315, 7352846284, 'okay@gmail.com', 'okaypets.com', 65.00, NULL);
INSERT INTO `asp16f`.`petstore` (`pst_id`, `pst_name`, `pst_street`, `pst_city`, `pst state`, `pst_zip`, `pst_phone`, `pst_email`, `pst_url`, `pst_ytd_sales`, `pst_notes`) VALUES (4, 'Best Petstore', '7265 Whatever Street', 'Tallahassee', 'FL', 32301, 618638162, 'best@gmail.com', 'bestpets.com', 7600.98, NULL);
INSERT INTO `asp16f`.`petstore` (`pst_id`, `pst_name`, `pst_street`, `pst_city`, `pst state`, `pst_zip`, `pst_phone`, `pst_email`, `pst_url`, `pst_ytd_sales`, `pst_notes`) VALUES (5, 'Fav Pets', '6152 howard Blv', 'Tallahasee', 'FL', 32338, 5725288462, 'fav@gmail.com', 'favpets.com', 100.01, NULL);
INSERT INTO `asp16f`.`petstore` (`pst_id`, `pst_name`, `pst_street`, `pst_city`, `pst state`, `pst_zip`, `pst_phone`, `pst_email`, `pst_url`, `pst_ytd_sales`, `pst_notes`) VALUES (6, 'Wild pets', '638 main street', 'Tallahassee', 'FL', 32301, 3625749725, 'wild@gmail.com', 'wildpets.com', 7640.02, NULL);
INSERT INTO `asp16f`.`petstore` (`pst_id`, `pst_name`, `pst_street`, `pst_city`, `pst state`, `pst_zip`, `pst_phone`, `pst_email`, `pst_url`, `pst_ytd_sales`, `pst_notes`) VALUES (7, 'Dope petstore', '676 Duval street', 'Tallahassee', 'FL', 32387, 5768253726, 'dope@gmail.com', 'dopepets.com', 67464.42, NULL);
INSERT INTO `asp16f`.`petstore` (`pst_id`, `pst_name`, `pst_street`, `pst_city`, `pst state`, `pst_zip`, `pst_phone`, `pst_email`, `pst_url`, `pst_ytd_sales`, `pst_notes`) VALUES (8, 'Soft Petstore', '567 Main Street', 'Tallahassee', 'FL', 32353, 5484639574, 'soft@gmail.com', 'softpets.com', 6722.01, NULL);
INSERT INTO `asp16f`.`petstore` (`pst_id`, `pst_name`, `pst_street`, `pst_city`, `pst state`, `pst_zip`, `pst_phone`, `pst_email`, `pst_url`, `pst_ytd_sales`, `pst_notes`) VALUES (9, 'uber petstore', '699 Main street', 'Tallahassee', 'FL', 32238, 6362728345, 'uberpets@gmail.com', 'uberpets.com', 62738.10, NULL);
INSERT INTO `asp16f`.`petstore` (`pst_id`, `pst_name`, `pst_street`, `pst_city`, `pst state`, `pst_zip`, `pst_phone`, `pst_email`, `pst_url`, `pst_ytd_sales`, `pst_notes`) VALUES (10, 'Nine pets ', '456 staduim DR', 'Tallahassee', 'FL', 32342, 6273637382, 'ninepets@gmail.com', 'ninepets.com', 4535.01, NULL);

COMMIT;


-- -----------------------------------------------------
-- Data for table `asp16f`.`customer`
-- -----------------------------------------------------
START TRANSACTION;
USE `asp16f`;
INSERT INTO `asp16f`.`customer` (`cus_id`, `cus_fname`, `cus_lname`, `cus_street`, `cus_city`, `cus_state`, `cus_zip`, `cus_phone`, `cus_email`, `cus_balance`, `cus_total_sales`, `cus_notes`) VALUES (1, 'Dave', 'Peters', '124 Main Street', 'Tallahasee', 'FL', 32383, 5274678263, 'davepeter@gmail.com', 40.00, 7458.00, NULL);
INSERT INTO `asp16f`.`customer` (`cus_id`, `cus_fname`, `cus_lname`, `cus_street`, `cus_city`, `cus_state`, `cus_zip`, `cus_phone`, `cus_email`, `cus_balance`, `cus_total_sales`, `cus_notes`) VALUES (2, 'Marlon', 'Bytes', '772 No road', 'Tallahassee', 'FL', 32323, 6284629472, 'Marlon@gmail.com', 83.02, 900.03, NULL);
INSERT INTO `asp16f`.`customer` (`cus_id`, `cus_fname`, `cus_lname`, `cus_street`, `cus_city`, `cus_state`, `cus_zip`, `cus_phone`, `cus_email`, `cus_balance`, `cus_total_sales`, `cus_notes`) VALUES (3, 'Deon', 'Sanders', '437 Night Place', 'Tallahassee', 'FL', 32232, 3326748264, 'deons@gmail.com', 382.01, 7483.01, NULL);
INSERT INTO `asp16f`.`customer` (`cus_id`, `cus_fname`, `cus_lname`, `cus_street`, `cus_city`, `cus_state`, `cus_zip`, `cus_phone`, `cus_email`, `cus_balance`, `cus_total_sales`, `cus_notes`) VALUES (4, 'Mark', 'Jacobs', '374 Bine Dr', 'Tallahassee ', 'FL', 32232, 3648294637, 'Mark@gmail.com', 435.33, 5435.53, NULL);
INSERT INTO `asp16f`.`customer` (`cus_id`, `cus_fname`, `cus_lname`, `cus_street`, `cus_city`, `cus_state`, `cus_zip`, `cus_phone`, `cus_email`, `cus_balance`, `cus_total_sales`, `cus_notes`) VALUES (5, 'Dan ', 'Danson', '372 Dan Dr', 'Tallahssee', 'FL', 32325, 3628284623, 'dandan@gmail.com', 342.34, 4322.42, NULL);
INSERT INTO `asp16f`.`customer` (`cus_id`, `cus_fname`, `cus_lname`, `cus_street`, `cus_city`, `cus_state`, `cus_zip`, `cus_phone`, `cus_email`, `cus_balance`, `cus_total_sales`, `cus_notes`) VALUES (6, 'Nancy', 'Drake', '3276 harold Dr', 'Tallahassee', 'FL', 33401, 2163626262, 'bignancey@gmail.com', 324.43, 3424.42, NULL);
INSERT INTO `asp16f`.`customer` (`cus_id`, `cus_fname`, `cus_lname`, `cus_street`, `cus_city`, `cus_state`, `cus_zip`, `cus_phone`, `cus_email`, `cus_balance`, `cus_total_sales`, `cus_notes`) VALUES (7, 'Bob', 'Rosss', '342 handy way', 'Tallahassee', 'FL', 33242, 6326648293, 'bobross@gmail.com', 324.32, 567.9, NULL);
INSERT INTO `asp16f`.`customer` (`cus_id`, `cus_fname`, `cus_lname`, `cus_street`, `cus_city`, `cus_state`, `cus_zip`, `cus_phone`, `cus_email`, `cus_balance`, `cus_total_sales`, `cus_notes`) VALUES (8, 'baker', 'Bakeson', '363 Handy dr', 'Tallahassee', 'FL', 32323, 3628284929, 'baker@gmail.com', 324.43, 2424.24, NULL);
INSERT INTO `asp16f`.`customer` (`cus_id`, `cus_fname`, `cus_lname`, `cus_street`, `cus_city`, `cus_state`, `cus_zip`, `cus_phone`, `cus_email`, `cus_balance`, `cus_total_sales`, `cus_notes`) VALUES (9, 'Manny', 'Mony', '525 Oral Blv', 'Tallahassee', 'FL', 32323, 6491726492, 'manny@gmail.com', 2432.42, 4344.34, NULL);
INSERT INTO `asp16f`.`customer` (`cus_id`, `cus_fname`, `cus_lname`, `cus_street`, `cus_city`, `cus_state`, `cus_zip`, `cus_phone`, `cus_email`, `cus_balance`, `cus_total_sales`, `cus_notes`) VALUES (10, 'betty', 'betson', '366 none way', 'Tallahassee', 'FL', 32424, 3628273826, 'bettyb@gmail.com', 2344.24, 2424.20, NULL);

COMMIT;


-- -----------------------------------------------------
-- Data for table `asp16f`.`pet`
-- -----------------------------------------------------
START TRANSACTION;
USE `asp16f`;
INSERT INTO `asp16f`.`pet` (`pet_id`, `pst_id`, `cus_id`, `pet_type`, `pet_sex`, `pet_cost`, `pet_price`, `pet_age`, `pet_color`, `pet_sale_date`, `pet_vaccine`, `pet_neuter`, `pet_notes`) VALUES (1, 1, 1, 'Dog', 'm', 100.00, 200.00, 2, 'brown', NULL, 'y', 'n', NULL);
INSERT INTO `asp16f`.`pet` (`pet_id`, `pst_id`, `cus_id`, `pet_type`, `pet_sex`, `pet_cost`, `pet_price`, `pet_age`, `pet_color`, `pet_sale_date`, `pet_vaccine`, `pet_neuter`, `pet_notes`) VALUES (2, 2, 2, 'cat', 'm', 20.00, 414.44, 5, 'white', NULL, 'n', 'n', NULL);
INSERT INTO `asp16f`.`pet` (`pet_id`, `pst_id`, `cus_id`, `pet_type`, `pet_sex`, `pet_cost`, `pet_price`, `pet_age`, `pet_color`, `pet_sale_date`, `pet_vaccine`, `pet_neuter`, `pet_notes`) VALUES (3, 3, 3, 'bird', 'f', 32.00, 467, 4, 'blue', NULL, 'n', 'n', NULL);
INSERT INTO `asp16f`.`pet` (`pet_id`, `pst_id`, `cus_id`, `pet_type`, `pet_sex`, `pet_cost`, `pet_price`, `pet_age`, `pet_color`, `pet_sale_date`, `pet_vaccine`, `pet_neuter`, `pet_notes`) VALUES (4, 4, 4, 'cat', 'm', 50.00, 500.00, 5, 'black', NULL, 'n', 'n', NULL);
INSERT INTO `asp16f`.`pet` (`pet_id`, `pst_id`, `cus_id`, `pet_type`, `pet_sex`, `pet_cost`, `pet_price`, `pet_age`, `pet_color`, `pet_sale_date`, `pet_vaccine`, `pet_neuter`, `pet_notes`) VALUES (5, 5, 5, 'bird', 'm', 25.00, 250.00, 7, 'white', NULL, 'y', 'n', NULL);
INSERT INTO `asp16f`.`pet` (`pet_id`, `pst_id`, `cus_id`, `pet_type`, `pet_sex`, `pet_cost`, `pet_price`, `pet_age`, `pet_color`, `pet_sale_date`, `pet_vaccine`, `pet_neuter`, `pet_notes`) VALUES (6, 6, 6, 'lion', 'm', 1000.00, 200.00, 2, 'brown', NULL, 'n', 'n', NULL);
INSERT INTO `asp16f`.`pet` (`pet_id`, `pst_id`, `cus_id`, `pet_type`, `pet_sex`, `pet_cost`, `pet_price`, `pet_age`, `pet_color`, `pet_sale_date`, `pet_vaccine`, `pet_neuter`, `pet_notes`) VALUES (7, 7, 7, 'dog', 'm', 20.00, 90.00, 9, 'tan', NULL, 'y', 'n', NULL);
INSERT INTO `asp16f`.`pet` (`pet_id`, `pst_id`, `cus_id`, `pet_type`, `pet_sex`, `pet_cost`, `pet_price`, `pet_age`, `pet_color`, `pet_sale_date`, `pet_vaccine`, `pet_neuter`, `pet_notes`) VALUES (8, 8, 8, 'bird', 'm', 24.22, 75.00, 3, 'red', NULL, 'n', 'y', NULL);
INSERT INTO `asp16f`.`pet` (`pet_id`, `pst_id`, `cus_id`, `pet_type`, `pet_sex`, `pet_cost`, `pet_price`, `pet_age`, `pet_color`, `pet_sale_date`, `pet_vaccine`, `pet_neuter`, `pet_notes`) VALUES (9, 9, 9, 'bird', 'm', 54.55, 89.00, 4, 'blue', NULL, 'y', 'y', NULL);
INSERT INTO `asp16f`.`pet` (`pet_id`, `pst_id`, `cus_id`, `pet_type`, `pet_sex`, `pet_cost`, `pet_price`, `pet_age`, `pet_color`, `pet_sale_date`, `pet_vaccine`, `pet_neuter`, `pet_notes`) VALUES (10, 10, 10, 'bird', 'f', 54.00, 78.00, 20, 'green', NULL, 'n', 'y', NULL);

COMMIT;

